Rk,Squad,MP,W,D,L,GF,GA,GDiff,Pts,xG,xGA,xGDiff,xGDiff/90,Last 5,Attendance,Top Team Scorer,Goalkeeper,Notes
1,Everton,6,4,1,1,14,9,+5,13,10.3,5.9,+4.4,+0.73,W W W D L,,Dominic Calvert-Lewin - 7,Jordan Pickford,
2,Liverpool,6,4,1,1,15,14,+1,13,15.3,9.5,+5.9,+0.98,W W L D W,,Mohamed Salah - 6,Alisson,
3,Wolves,7,4,1,2,8,8,0,13,5.1,6.7,-1.5,-0.26,L W W D W,,Raúl Jiménez - 4,Rui Patrício,
4,Aston Villa,5,4,0,1,12,5,+7,12,8.4,7.2,+1.2,+0.24,W W W W L,,Jack Grealish Ollie Watkins - 3,Emiliano Martínez,
5,Leicester City,6,4,0,2,13,8,+5,12,8.3,6.5,+1.8,+0.30,W W L L W,,Jamie Vardy - 6,Kasper Schmeichel,
6,Tottenham,6,3,2,1,16,8,+8,11,11.4,7.5,+3.9,+0.65,W D W D W,,Son Heung-min - 8,Hugo Lloris,
7,Leeds United,6,3,1,2,12,9,+3,10,10.4,9.9,+0.5,+0.08,W W D L W,,Patrick Bamford - 6,Illan Meslier,
8,Southampton,6,3,1,2,10,9,+1,10,7.1,6.2,+0.9,+0.15,L W W D W,,Danny Ings - 4,Alex McCarthy,
9,Crystal Palace,7,3,1,3,8,11,-3,10,6.1,8.7,-2.6,-0.43,L L D W L,,Wilfried Zaha - 5,Vicente Guaita,
10,Chelsea,6,2,3,1,13,9,+4,9,9.1,8.0,+1.1,+0.18,L D W D D,,Jorginho - 3,Kepa Arrizabalaga,
11,Arsenal,6,3,0,3,8,7,+1,9,6.5,7.9,-1.3,-0.22,W L W L L,,Alexandre Lacazette - 3,Bernd Leno,
12,West Ham,6,2,2,2,12,8,+4,8,8.9,6.1,+2.8,+0.46,L W W D D,,Michail Antonio Jarrod Bowen - 3,Łukasz Fabiański,
13,Manchester City,5,2,2,1,8,8,0,8,6.9,6.6,+0.2,+0.05,W L D W D,,Raheem Sterling Phil Foden - 2,Ederson,
14,Newcastle Utd,6,2,2,2,8,10,-2,8,5.7,9.0,-3.3,-0.55,L D W L D,,Callum Wilson - 4,Karl Darlow,
15,Manchester Utd,5,2,1,2,9,12,-3,7,6.5,8.5,-2.0,-0.39,L W L W D,,Bruno Fernandes - 3,David de Gea,
16,Brighton,6,1,2,3,10,12,-2,5,8.5,5.9,+2.6,+0.43,W L L D D,,Neal Maupay - 4,Mathew Ryan,
17,West Brom,6,0,3,3,6,14,-8,3,3.4,10.8,-7.3,-1.22,L D L D D,,Callum Robinson - 2,Sam Johnstone,
18,Burnley,5,0,1,4,3,9,-6,1,4.6,5.6,-1.0,-0.19,L L L D L,,Jimmy Dunne Chris Wood... - 1,Nick Pope,
19,Sheffield Utd,6,0,1,5,3,9,-6,1,6.1,8.4,-2.3,-0.38,L L L D L,,Billy Sharp Sander Berge... - 1,Aaron Ramsdale,
20,Fulham,6,0,1,5,5,14,-9,1,6.4,10.3,-3.9,-0.65,L L L D L,,Aleksandar Mitrović - 2,Alphonse Areola,
,,,Playing Time,Playing Time,Playing Time,Performance,Performance,Performance,Performance,Performance,Performance,Per 90 Minutes,Per 90 Minutes,Per 90 Minutes,Per 90 Minutes,Per 90 Minutes,Expected,Expected,Expected,Per 90 Minutes,Per 90 Minutes,Per 90 Minutes,Per 90 Minutes,Per 90 Minutes
Squad,# Pl,Poss,MP,Starts,Min,Gls,Ast,PK,PKatt,CrdY,CrdR,Gls,Ast,G+A,G-PK,G+A-PK,xG,npxG,xA,xG,xA,xG+xA,npxG,npxG+xA
Arsenal,19,52.5,6,66,540,8,6,0,0,8,0,1.33,1.00,2.33,1.33,2.33,6.5,6.5,4.9,1.09,0.81,1.90,1.09,1.90
Aston Villa,17,45.6,5,55,450,12,11,0,0,13,0,2.40,2.20,4.60,2.40,4.60,8.4,8.4,7.7,1.68,1.53,3.22,1.68,3.22
Brighton,17,55.3,6,66,540,9,6,2,2,10,2,1.50,1.00,2.50,1.17,2.17,8.5,7.0,5.5,1.41,0.92,2.33,1.16,2.08
Burnley,18,43.8,5,55,450,3,1,0,0,10,0,0.60,0.20,0.80,0.60,0.80,4.6,4.6,3.3,0.93,0.66,1.59,0.93,1.59
Chelsea,24,56.2,6,66,540,13,7,3,4,7,1,2.17,1.17,3.33,1.67,2.83,9.1,6.1,4.6,1.52,0.76,2.28,1.01,1.77
Crystal Palace,20,35.4,7,77,630,8,5,2,2,12,1,1.14,0.71,1.86,0.86,1.57,6.1,4.7,4.2,1.02,0.71,1.73,0.79,1.50
Everton,20,51.7,6,66,540,14,11,1,1,7,2,2.33,1.83,4.17,2.17,4.00,10.3,9.5,6.9,1.71,1.15,2.86,1.58,2.73
Fulham,23,56.3,6,66,540,5,3,1,2,13,1,0.83,0.50,1.33,0.67,1.17,6.4,4.9,3.9,1.07,0.64,1.71,0.82,1.47
Leeds United,19,57.7,6,66,540,12,7,1,1,8,0,2.00,1.17,3.17,1.83,3.00,10.4,9.7,7.1,1.74,1.18,2.92,1.61,2.79
Leicester City,22,53.5,6,66,540,12,6,5,5,16,0,2.00,1.00,3.00,1.17,2.17,8.3,4.5,3.0,1.38,0.50,1.87,0.75,1.24
Liverpool,19,60.7,6,66,540,15,6,2,2,6,0,2.50,1.00,3.50,2.17,3.17,15.3,13.9,8.2,2.56,1.37,3.93,2.31,3.68
Manchester City,22,62.8,5,55,450,8,5,1,1,9,0,1.60,1.00,2.60,1.40,2.40,6.9,6.1,4.7,1.38,0.94,2.31,1.22,2.16
Manchester Utd,20,54.8,5,55,450,8,5,2,3,10,1,1.60,1.00,2.60,1.20,2.20,6.5,4.3,3.3,1.31,0.67,1.98,0.86,1.52
Newcastle Utd,19,40.7,6,66,540,7,4,2,2,13,0,1.17,0.67,1.83,0.83,1.50,5.7,4.2,3.9,0.96,0.65,1.61,0.70,1.36
Sheffield Utd,19,39.0,6,66,540,3,1,2,3,9,1,0.50,0.17,0.67,0.17,0.33,6.1,3.9,3.5,1.02,0.58,1.61,0.64,1.23
Southampton,20,55.3,6,66,540,10,7,1,1,9,0,1.67,1.17,2.83,1.50,2.67,7.1,6.4,4.5,1.19,0.74,1.93,1.06,1.80
Tottenham,21,56.7,6,66,540,16,13,1,1,6,0,2.67,2.17,4.83,2.50,4.67,11.4,10.6,7.8,1.90,1.29,3.19,1.77,3.07
West Brom,22,39.0,6,66,540,6,3,0,0,5,1,1.00,0.50,1.50,1.00,1.50,3.4,3.4,1.9,0.57,0.32,0.90,0.57,0.90
West Ham,20,40.3,6,66,540,10,8,0,0,12,0,1.67,1.33,3.00,1.67,3.00,8.9,8.9,6.8,1.48,1.13,2.61,1.48,2.61
Wolves,20,47.1,7,77,630,8,5,0,0,4,0,1.14,0.71,1.86,1.14,1.86,5.1,5.1,3.7,0.85,0.61,1.46,0.85,1.46
,,,Playing Time,Playing Time,Playing Time,Performance,Performance,Performance,Performance,Performance,Performance,Performance,Performance,Performance,Performance,Penalty Kicks,Penalty Kicks,Penalty Kicks,Penalty Kicks
Squad,# Pl,MP,Starts,Min,GA,GA90,SoTA,Saves,Save%,W,D,L,CS,CS%,PKatt,PKA,PKsv,PKm
Arsenal,1,6,6,540,7,1.17,24,17,.708,3,0,3,1,16.7,0,0,0,0
Aston Villa,1,5,5,450,5,1.00,24,18,.792,4,0,1,3,60.0,1,0,1,0
Brighton,1,6,6,540,12,2.00,15,7,.400,1,2,3,1,16.7,3,3,0,0
Burnley,1,5,5,450,9,1.80,20,13,.600,0,1,4,1,20.0,1,1,0,0
Chelsea,3,6,6,540,9,1.50,21,12,.571,2,3,1,2,33.3,0,0,0,0
Crystal Palace,1,7,7,630,11,1.57,28,19,.714,3,1,3,1,14.3,3,3,0,0
Everton,1,6,6,540,9,1.50,27,18,.667,4,1,1,1,16.7,0,0,0,0
Fulham,2,6,6,540,14,2.33,36,24,.667,0,1,5,0,0.0,2,2,0,0
Leeds United,1,6,6,540,9,1.50,19,13,.684,3,1,2,2,33.3,3,3,0,0
Leicester City,1,6,6,540,8,1.33,25,17,.680,4,0,2,2,33.3,0,0,0,0
Liverpool,2,6,6,540,14,2.33,25,12,.480,4,1,1,1,16.7,2,1,1,0
Manchester City,1,5,5,450,8,1.60,17,11,.706,2,2,1,1,20.0,3,3,0,0
Manchester Utd,1,5,5,450,12,2.40,19,11,.526,2,1,2,1,20.0,3,3,0,0
Newcastle Utd,1,6,6,540,10,1.67,37,28,.757,2,2,2,1,16.7,2,1,1,0
Sheffield Utd,1,6,6,540,9,1.50,31,21,.710,0,1,5,0,0.0,1,0,0,1
Southampton,1,6,6,540,9,1.50,21,11,.571,3,1,2,3,50.0,0,0,0,0
Tottenham,1,6,6,540,8,1.33,18,14,.722,3,2,1,1,16.7,3,3,0,0
West Brom,1,6,6,540,14,2.33,37,26,.676,0,3,3,1,16.7,2,2,0,0
West Ham,1,6,6,540,9,1.50,21,13,.571,2,2,2,2,33.3,0,0,0,0
Wolves,1,7,7,630,8,1.14,24,18,.708,4,1,2,4,57.1,1,1,0,0
,,,Goals,Goals,Goals,Goals,Goals,Expected,Expected,Expected,Expected,Launched,Launched,Launched,Passes,Passes,Passes,Passes,Goal Kicks,Goal Kicks,Goal Kicks,Crosses,Crosses,Crosses,Sweeper,Sweeper,Sweeper
Squad,# Pl,90s,GA,PKA,FK,CK,OG,PSxG,PSxG/SoT,PSxG+/-,/90,Cmp,Att,Cmp%,Att,Thr,Launch%,AvgLen,Att,Launch%,AvgLen,Opp,Stp,Stp%,#OPA,#OPA/90,AvgDist
Arsenal,1,6.0,7,0,0,1,0,6.4,0.29,-0.6,-0.10,15,34,44.1,192,23,12.5,23.7,33,30.3,28.2,50,3,6.0,8,1.33,18.3
Aston Villa,1,5.0,5,0,0,0,0,6.6,0.26,+1.6,+0.32,39,118,33.1,157,18,56.1,46.5,35,85.7,64.6,64,6,9.4,0,0.00,12.7
Brighton,1,6.0,12,3,0,2,1,7.7,0.33,-3.3,-0.56,26,68,38.2,196,26,29.1,30.6,23,47.8,40.4,48,2,4.2,2,0.33,12.7
Burnley,1,5.0,9,1,0,3,1,8.3,0.38,+0.3,+0.05,48,125,38.4,133,24,75.2,52.7,29,86.2,63.5,37,6,16.2,4,0.80,14.3
Chelsea,3,6.0,9,0,0,1,0,7.4,0.35,-1.6,-0.27,28,56,50.0,141,23,29.8,29.6,42,33.3,32.0,52,4,7.7,3,0.50,14.5
Crystal Palace,1,7.0,11,3,0,1,0,9.2,0.28,+0.2,+0.03,31,116,26.7,91,12,73.6,50.8,57,86.0,59.5,60,2,3.3,1,0.17,12.4
Everton,1,6.0,9,0,1,1,0,6.9,0.26,-2.1,-0.34,35,104,33.7,156,19,50.0,41.5,43,60.5,53.5,53,4,7.5,1,0.17,13.3
Fulham,2,6.0,14,2,0,2,0,13.6,0.35,-0.4,-0.07,27,52,51.9,124,33,31.5,31.3,29,44.8,39.4,49,8,16.3,2,0.33,13.2
Leeds United,1,6.0,9,3,0,1,0,9.6,0.37,+0.6,+0.11,42,83,50.6,203,44,31.0,30.9,53,37.7,33.2,31,2,6.5,5,0.83,14.4
Leicester City,1,6.0,8,0,0,2,0,6.6,0.27,-1.4,-0.23,40,115,34.8,192,32,45.3,40.8,44,63.6,49.1,45,7,15.6,2,0.33,11.0
Liverpool,2,6.0,14,1,0,2,0,12.8,0.44,-1.2,-0.20,24,63,38.1,161,26,29.8,32.9,30,50.0,43.3,39,2,5.1,2,0.33,14.7
Manchester City,1,5.0,8,3,0,2,0,7.7,0.30,-0.3,-0.06,22,48,45.8,124,19,25.0,32.8,29,58.6,54.0,31,3,9.7,6,1.20,18.3
Manchester Utd,1,5.0,12,3,0,0,1,10.6,0.42,-0.4,-0.09,15,35,42.9,83,15,27.7,29.0,26,46.2,38.4,39,0,0.0,2,0.40,14.7
Newcastle Utd,1,6.0,10,1,0,2,0,10.9,0.25,+0.9,+0.14,49,135,36.3,138,27,68.8,50.3,45,88.9,63.5,58,8,13.8,1,0.17,11.2
Sheffield Utd,1,6.0,9,0,0,2,0,7.9,0.26,-1.1,-0.19,50,145,34.5,118,15,78.8,56.8,54,96.3,73.0,78,6,7.7,2,0.33,13.3
Southampton,1,6.0,9,0,0,0,0,6.9,0.33,-2.1,-0.36,36,117,30.8,209,27,45.5,36.5,27,81.5,56.6,47,4,8.5,7,1.17,18.4
Tottenham,1,6.0,8,3,0,0,1,4.9,0.15,-2.1,-0.35,26,64,40.6,126,24,39.7,34.5,39,35.9,32.9,45,1,2.2,6,1.00,16.3
West Brom,1,6.0,14,2,0,3,1,15.1,0.37,+2.1,+0.35,54,134,40.3,158,33,65.2,47.0,41,75.6,51.9,53,2,3.8,2,0.33,14.4
West Ham,1,6.0,9,0,0,0,0,7.7,0.37,-0.3,-0.05,50,107,46.7,138,25,55.8,43.2,40,75.0,54.2,63,4,6.3,1,0.17,12.4
Wolves,1,7.0,8,1,1,0,1,5.8,0.22,-1.2,-0.20,42,92,45.7,99,31,58.6,43.6,41,82.9,52.0,70,6,8.6,1,0.17,10.4
,,,Standard,Standard,Standard,Standard,Standard,Standard,Standard,Standard,Standard,Standard,Standard,Expected,Expected,Expected,Expected,Expected
Squad,# Pl,Gls,Sh,SoT,SoT%,Sh/90,SoT/90,G/Sh,G/SoT,FK,PK,PKatt,xG,npxG,npxG/Sh,G-xG,np:G-xG
Arsenal,19,8,52,23,44.2,8.67,3.83,0.15,0.35,5,0,0,6.5,6.5,0.13,+1.5,+1.5
Aston Villa,17,12,70,25,35.7,14.00,5.00,0.17,0.48,1,0,0,8.4,8.4,0.12,+3.6,+3.6
Brighton,17,9,75,20,26.7,12.50,3.33,0.09,0.35,1,2,2,8.5,7.0,0.10,+0.5,0.0
Burnley,18,3,58,17,29.3,11.60,3.40,0.05,0.18,4,0,0,4.6,4.6,0.08,-1.6,-1.6
Chelsea,24,13,70,27,38.6,11.67,4.50,0.14,0.37,2,3,4,9.1,6.1,0.09,+3.9,+3.9
Crystal Palace,20,8,56,20,35.7,8.00,2.86,0.11,0.30,1,2,2,6.1,4.7,0.09,+1.9,+1.3
Everton,20,14,68,29,42.6,11.33,4.83,0.19,0.45,3,1,1,10.3,9.5,0.14,+3.7,+3.5
Fulham,23,5,74,20,27.0,12.33,3.33,0.05,0.20,2,1,2,6.4,4.9,0.07,-1.4,-0.9
Leeds United,19,12,86,36,41.9,14.33,6.00,0.13,0.31,3,1,1,10.4,9.7,0.11,+1.6,+1.3
Leicester City,22,12,48,23,47.9,8.00,3.83,0.15,0.30,4,5,5,8.3,4.5,0.10,+3.7,+2.5
Liverpool,19,15,111,39,35.1,18.50,6.50,0.12,0.33,4,2,2,15.3,13.9,0.13,-0.3,-0.9
Manchester City,22,8,79,26,32.9,15.80,5.20,0.09,0.27,5,1,1,6.9,6.1,0.08,+1.1,+0.9
Manchester Utd,20,8,68,22,32.4,13.60,4.40,0.09,0.27,1,2,3,6.5,4.3,0.07,+1.5,+1.7
Newcastle Utd,19,7,48,13,27.1,8.00,2.17,0.10,0.38,2,2,2,5.7,4.2,0.09,+1.3,+0.8
Sheffield Utd,19,3,52,12,23.1,8.67,2.00,0.02,0.08,0,2,3,6.1,3.9,0.08,-3.1,-2.9
Southampton,20,10,65,30,46.2,10.83,5.00,0.14,0.30,3,1,1,7.1,6.4,0.10,+2.9,+2.6
Tottenham,21,16,82,38,46.3,13.67,6.33,0.18,0.39,4,1,1,11.4,10.6,0.13,+4.6,+4.4
West Brom,22,6,49,20,40.8,8.17,3.33,0.12,0.30,2,0,0,3.4,3.4,0.07,+2.6,+2.6
West Ham,20,10,77,25,32.5,12.83,4.17,0.13,0.40,1,0,0,8.9,8.9,0.12,+1.1,+1.1
Wolves,20,8,84,24,28.6,12.00,3.43,0.10,0.33,1,0,0,5.1,5.1,0.06,+0.9,+0.9
,,,Total,Total,Total,Total,Total,Short,Short,Short,Medium,Medium,Medium,Long,Long,Long,,,,,,,,
Squad,# Pl,Cmp,Att,Cmp%,TotDist,PrgDist,Cmp,Att,Cmp%,Cmp,Att,Cmp%,Cmp,Att,Cmp%,Ast,xA,A-xA,KP,1/3,PPA,CrsPA,Prog
Arsenal,19,3037,3579,84.9,61071,14567,1061,1186,89.5,1477,1619,91.2,475,689,68.9,6,4.9,+1.1,38,198,46,12,174
Aston Villa,17,1517,2038,74.4,33276,12254,536,637,84.1,644,774,83.2,305,538,56.7,11,7.7,+3.3,58,140,53,11,159
Brighton,17,2705,3303,81.9,53649,15354,1014,1160,87.4,1276,1434,89.0,377,607,62.1,6,5.5,+0.5,56,206,57,15,212
Burnley,18,1575,2238,70.4,32400,11843,624,746,83.6,618,780,79.2,291,605,48.1,1,3.3,-2.3,38,118,48,16,125
Chelsea,24,3223,3799,84.8,62320,17050,1259,1392,90.4,1499,1661,90.2,422,619,68.2,7,4.6,+2.4,56,216,49,11,209
Crystal Palace,20,1334,1917,69.6,25884,11021,565,670,84.3,531,689,77.1,203,454,44.7,5,4.2,+0.8,35,97,21,3,124
Everton,20,2837,3377,84.0,55620,16856,1118,1238,90.3,1251,1378,90.8,409,633,64.6,11,6.9,+4.1,51,158,40,13,181
Fulham,23,2896,3418,84.7,56327,17124,1157,1277,90.6,1260,1384,91.0,423,643,65.8,3,3.9,-0.9,59,208,53,25,202
Leeds United,19,2487,3166,78.6,49043,16975,984,1137,86.5,1064,1242,85.7,389,646,60.2,7,7.1,-0.1,66,153,66,19,226
Leicester City,22,2575,3189,80.7,47648,15096,1136,1283,88.5,1081,1237,87.4,314,557,56.4,6,3.0,+3.0,30,161,46,5,184
Liverpool,19,3370,4021,83.8,67021,20820,1288,1426,90.3,1550,1723,90.0,478,735,65.0,6,8.2,-2.2,75,279,80,12,339
Manchester City,22,2909,3361,86.6,55230,15184,1181,1298,91.0,1307,1427,91.6,371,525,70.7,5,4.7,+0.3,57,267,54,6,223
Manchester Utd,20,2429,2904,83.6,43987,12944,1139,1263,90.2,950,1073,88.5,298,443,67.3,5,3.3,+1.7,52,185,45,5,192
Newcastle Utd,19,1802,2412,74.7,38197,13001,681,791,86.1,767,917,83.6,321,596,53.9,4,3.9,+0.1,39,114,40,12,118
Sheffield Utd,19,1797,2439,73.7,34236,13218,857,997,86.0,641,794,80.7,254,522,48.7,1,3.5,-2.5,42,163,42,8,171
Southampton,20,2628,3349,78.5,46712,15350,1213,1386,87.5,1077,1257,85.7,281,553,50.8,7,4.5,+2.5,44,172,42,4,203
Tottenham,21,2991,3578,83.6,57052,17259,1231,1373,89.7,1255,1407,89.2,437,652,67.0,13,7.8,+5.2,60,223,44,11,223
West Brom,22,1768,2356,75.0,34525,12635,757,861,87.9,690,847,81.5,277,544,50.9,3,1.9,+1.1,30,135,28,8,143
West Ham,20,1901,2517,75.5,39079,14627,754,885,85.2,772,950,81.3,344,586,58.7,8,6.8,+1.2,58,139,39,20,140
Wolves,20,2495,3036,82.2,50205,15744,990,1085,91.2,1042,1203,86.6,428,643,66.6,5,3.7,+0.3,51,170,24,8,170
,,,Pass Types,Pass Types,Pass Types,Pass Types,Pass Types,Pass Types,Pass Types,Pass Types,Corner Kicks,Corner Kicks,Corner Kicks,Height,Height,Height,Body Parts,Body Parts,Body Parts,Body Parts,Body Parts,Outcomes,Outcomes,Outcomes,Outcomes,Outcomes
Squad,# Pl,Att,Live,Dead,FK,TB,Press,Sw,Crs,CK,In,Out,Str,Ground,Low,High,Left,Right,Head,TI,Other,Cmp,Off,Out,Int,Blocks
Arsenal,19,3579,3331,248,71,13,534,96,67,30,16,9,0,2612,495,472,1363,1926,102,101,38,3037,14,47,19,76
Aston Villa,17,2038,1799,239,77,8,299,62,70,27,7,11,2,1237,273,528,679,1035,108,90,26,1517,9,48,29,57
Brighton,17,3303,3016,287,84,2,462,105,73,33,18,4,3,2290,391,622,784,2128,150,130,50,2705,9,55,33,77
Burnley,18,2238,1995,243,62,2,456,84,63,22,20,0,0,1097,368,773,655,1100,178,116,42,1575,10,53,21,60
Chelsea,24,3799,3552,247,51,7,489,97,58,33,16,13,1,2813,452,534,877,2585,132,106,33,3223,6,48,37,100
Crystal Palace,20,1917,1614,303,83,2,350,50,69,28,17,2,3,1061,250,606,547,1045,95,120,20,1334,9,51,30,74
Everton,20,3377,3107,270,79,2,345,86,70,30,14,10,3,2363,436,578,1188,1877,108,102,33,2837,5,43,34,67
Fulham,23,3418,3152,266,80,1,394,102,113,21,2,9,8,2481,386,551,1224,1896,95,116,48,2896,3,49,28,74
Leeds United,19,3166,2832,334,88,11,416,93,93,31,10,12,2,2017,502,647,1125,1619,150,147,60,2487,9,59,54,89
Leicester City,22,3189,2910,279,82,6,364,59,61,34,8,11,2,2197,404,588,529,2304,131,105,44,2575,9,39,30,85
Liverpool,19,4021,3715,306,69,7,581,129,80,45,8,14,12,2891,485,645,1053,2612,119,142,42,3370,9,45,28,93
Manchester City,22,3361,3127,234,54,8,392,71,56,35,18,2,1,2604,335,422,1162,1913,93,103,31,2909,7,34,24,81
Manchester Utd,20,2904,2681,223,51,4,449,80,54,28,2,14,7,2201,288,415,835,1823,75,101,29,2429,8,31,47,85
Newcastle Utd,19,2412,2145,267,86,2,343,85,65,24,6,9,3,1459,319,634,484,1573,122,96,45,1802,7,45,25,75
Sheffield Utd,19,2439,2190,249,43,5,424,56,77,30,14,12,3,1447,355,637,686,1343,134,107,24,1797,13,55,28,76
Southampton,20,3349,3048,301,84,3,515,54,53,19,9,7,3,2178,379,792,727,2146,194,156,44,2628,5,46,33,96
Tottenham,21,3578,3295,283,74,12,336,91,54,29,20,5,0,2567,442,569,878,2308,142,127,34,2991,9,40,23,85
West Brom,22,2356,2074,282,88,5,292,71,58,17,4,3,3,1415,293,648,685,1309,130,116,44,1768,6,50,30,62
West Ham,20,2517,2263,254,72,4,345,80,81,27,10,13,3,1570,304,643,909,1267,122,101,34,1901,11,48,25,72
Wolves,20,3036,2764,272,69,6,341,82,85,23,2,10,5,2040,422,574,930,1746,105,125,52,2495,6,42,27,66
,,,SCA,SCA,SCA Types,SCA Types,SCA Types,SCA Types,SCA Types,SCA Types,GCA,GCA,GCA Types,GCA Types,GCA Types,GCA Types,GCA Types,GCA Types,GCA Types
Squad,# Pl,SCA,SCA90,PassLive,PassDead,Drib,Sh,Fld,Def,GCA,GCA90,PassLive,PassDead,Drib,Sh,Fld,Def,OG
Arsenal,19,84,14.00,59,6,6,7,6,0,12,2.00,10,1,0,1,0,0,0
Aston Villa,17,117,23.40,90,11,5,4,4,3,19,3.80,15,3,0,0,1,0,0
Brighton,17,124,20.67,103,4,7,5,3,2,16,2.67,12,0,0,2,2,0,0
Burnley,18,88,17.60,60,8,6,7,5,2,4,0.80,2,1,0,0,1,0,0
Chelsea,24,122,20.33,97,8,4,4,8,1,21,3.50,14,1,2,1,3,0,0
Crystal Palace,20,74,12.33,47,8,10,2,6,1,13,2.17,9,1,0,1,1,1,0
Everton,20,113,18.83,79,14,8,3,8,1,25,4.17,14,5,1,3,2,0,0
Fulham,23,124,20.67,92,12,8,5,6,1,10,1.67,6,0,2,1,1,0,0
Leeds United,19,139,23.17,110,6,10,6,6,1,18,3.00,11,0,4,2,1,0,0
Leicester City,22,89,14.83,60,4,8,3,9,5,25,4.17,17,0,3,0,5,0,0
Liverpool,19,164,27.33,120,10,8,11,9,6,15,2.50,8,1,1,3,1,1,0
Manchester City,22,135,27.00,97,4,16,5,8,5,13,2.60,7,1,1,2,1,1,0
Manchester Utd,20,111,22.20,86,11,2,4,7,1,15,3.00,8,2,0,2,2,1,0
Newcastle Utd,19,84,14.00,62,9,4,1,6,2,15,2.50,11,1,0,0,3,0,0
Sheffield Utd,19,88,14.67,67,7,3,3,5,3,4,0.67,1,0,0,0,3,0,0
Southampton,20,92,15.33,71,7,4,2,8,0,14,2.33,11,0,2,1,0,0,0
Tottenham,21,143,23.83,105,12,9,8,7,2,30,5.00,21,2,3,1,2,1,0
West Brom,22,67,11.17,50,6,3,4,3,1,8,1.33,4,1,1,0,1,1,0
West Ham,20,130,21.67,92,14,5,8,8,3,20,3.33,13,3,0,2,2,0,0
Wolves,20,110,18.33,76,8,9,10,4,3,9,1.50,3,1,3,2,0,0,0
,,,Tackles,Tackles,Tackles,Tackles,Tackles,Vs Dribbles,Vs Dribbles,Vs Dribbles,Vs Dribbles,Pressures,Pressures,Pressures,Pressures,Pressures,Pressures,Blocks,Blocks,Blocks,Blocks,,,,
Squad,# Pl,Tkl,TklW,Def 3rd,Mid 3rd,Att 3rd,Tkl,Att,Tkl%,Past,Press,Succ,%,Def 3rd,Mid 3rd,Att 3rd,Blocks,Sh,ShSv,Pass,Int,Tkl+Int,Clr,Err
Arsenal,19,79,55,33,39,7,22,61,36.1,39,728,208,28.6,235,327,166,112,23,0,89,31,110,114,4
Aston Villa,17,79,46,34,34,11,33,90,36.7,57,719,217,30.2,246,310,163,95,21,0,74,26,105,125,1
Brighton,17,109,76,50,40,19,38,88,43.2,50,780,285,36.5,232,343,205,89,16,0,73,25,134,92,1
Burnley,18,81,46,37,34,10,26,60,43.3,34,697,211,30.3,199,347,151,78,15,0,63,19,100,99,1
Chelsea,24,109,57,50,48,11,34,99,34.3,65,845,253,29.9,312,359,174,113,23,0,90,51,160,137,5
Crystal Palace,20,135,72,79,38,18,43,97,44.3,54,945,219,23.2,394,387,164,125,29,0,96,62,197,145,1
Everton,20,102,70,48,47,7,39,102,38.2,63,935,254,27.2,340,423,172,101,23,0,78,25,127,131,1
Fulham,23,97,63,45,35,17,23,70,32.9,47,714,216,30.3,222,285,207,99,18,1,81,47,144,102,1
Leeds United,19,137,91,76,46,15,49,159,30.8,110,1037,330,31.8,388,454,195,116,38,1,78,31,168,106,1
Leicester City,22,101,61,51,37,13,23,78,29.5,55,909,238,26.2,349,371,189,102,21,0,81,38,139,118,1
Liverpool,19,100,66,28,50,22,33,91,36.3,58,867,289,33.3,195,330,342,84,18,0,66,32,132,94,5
Manchester City,22,83,55,25,38,20,35,90,38.9,55,551,181,32.8,128,240,183,49,12,0,37,21,104,64,2
Manchester Utd,20,86,55,41,38,7,23,82,28.0,59,618,190,30.7,193,254,171,110,22,0,88,33,119,95,1
Newcastle Utd,19,90,58,53,30,7,30,79,38.0,49,793,210,26.5,327,316,150,103,31,2,72,29,119,157,1
Sheffield Utd,19,102,58,52,44,6,27,89,30.3,62,936,231,24.7,310,389,237,105,22,2,83,21,123,151,2
Southampton,20,129,73,53,63,13,34,86,39.5,52,816,269,33.0,222,402,192,105,19,0,86,34,163,117,1
Tottenham,21,94,47,43,37,14,31,96,32.3,65,911,234,25.7,301,379,231,83,19,1,64,21,115,149,0
West Brom,22,110,62,60,40,10,37,88,42.0,51,853,225,26.4,327,354,172,110,19,0,91,33,143,169,2
West Ham,20,96,60,53,35,8,41,130,31.5,89,778,223,28.7,321,322,135,104,17,0,87,25,121,145,2
Wolves,20,104,81,65,30,9,37,109,33.9,72,715,217,30.3,311,299,105,94,21,1,73,54,158,147,1
,,,Touches,Touches,Touches,Touches,Touches,Touches,Touches,Dribbles,Dribbles,Dribbles,Dribbles,Dribbles,Carries,Carries,Carries,Receiving,Receiving,Receiving,,
Squad,# Pl,Poss,Touches,Def Pen,Def 3rd,Mid 3rd,Att 3rd,Att Pen,Live,Succ,Att,Succ%,#Pl,Megs,Carries,TotDist,PrgDist,Targ,Rec,Rec%,Miscon,Dispos
Arsenal,19,52.5,4161,480,1528,2052,832,115,3919,37,76,48.7,40,4,2724,15536,8878,3397,3037,89.4,54,42
Aston Villa,17,45.6,2605,390,907,1056,808,172,2380,61,78,78.2,63,1,1599,9615,5632,1842,1517,82.4,45,63
Brighton,17,55.3,3921,386,1367,1689,1140,149,3645,64,101,63.4,69,2,2676,16511,8612,3063,2705,88.3,62,85
Burnley,18,43.8,2725,296,879,1311,678,111,2490,31,50,62.0,32,3,1422,7853,3554,1951,1575,80.7,45,48
Chelsea,24,56.2,4514,485,1683,2110,991,138,4270,48,99,48.5,54,8,2933,15098,8557,3545,3223,90.9,61,64
Crystal Palace,20,35.4,2698,343,1025,1190,650,92,2406,55,81,67.9,57,1,1359,8358,4681,1670,1334,79.9,79,103
Everton,20,51.7,4089,460,1460,2047,778,122,3826,54,93,58.1,56,9,2567,13454,6929,3114,2837,91.1,71,88
Fulham,23,56.3,4091,370,1258,2020,1098,125,3846,69,108,63.9,72,3,2669,16126,9050,3244,2896,89.3,91,74
Leeds United,19,57.7,3872,520,1575,1566,942,165,3545,53,81,65.4,61,8,2304,14194,8050,2882,2487,86.3,72,82
Leicester City,22,53.5,3813,415,1321,1774,917,127,3541,48,91,52.7,50,4,2432,12622,7176,2895,2575,88.9,72,48
Liverpool,19,60.7,4719,339,1149,2380,1430,244,4414,74,119,62.2,79,2,3108,15444,8408,3757,3370,89.7,87,92
Manchester City,22,62.8,3860,275,811,2143,1183,156,3627,77,128,60.2,82,3,2784,16483,9598,3233,2909,90.0,42,76
Manchester Utd,20,54.8,3494,276,1000,1584,1137,135,3278,58,95,61.1,63,3,2217,12997,7442,2721,2429,89.3,42,78
Newcastle Utd,19,40.7,3058,411,1287,1274,683,103,2796,52,77,67.5,57,0,1802,10284,5464,2163,1802,83.3,60,59
Sheffield Utd,19,39.0,3066,369,912,1325,991,142,2819,34,56,60.7,36,0,1635,10327,5775,2087,1797,86.1,61,51
Southampton,20,55.3,4060,324,1193,2166,927,129,3763,51,88,58.0,54,1,2337,13098,7054,3095,2628,84.9,97,66
Tottenham,21,56.7,4219,367,1302,2208,957,133,3944,47,86,54.7,51,9,2654,13066,7062,3328,2991,89.9,56,62
West Brom,22,39.0,3122,434,1141,1416,713,89,2847,41,89,46.1,47,3,1703,9335,4982,2098,1768,84.3,77,75
West Ham,20,40.3,3145,397,1059,1523,758,127,2896,57,93,61.3,60,2,1896,12448,6679,2219,1901,85.7,48,57
Wolves,20,47.1,3686,354,1194,1928,790,95,3424,96,156,61.5,103,4,2395,13881,7636,2821,2495,88.4,63,54
,,,Playing Time,Playing Time,Playing Time,Playing Time,Starts,Starts,Subs,Subs,Subs,Team Success,Team Success,Team Success,Team Success,Team Success,Team Success (xG),Team Success (xG),Team Success (xG),Team Success (xG)
Squad,# Pl,MP,Min,Mn/MP,Min%,Starts,Mn/Start,Subs,Mn/Sub,unSub,PPM,onG,onGA,+/-,+/-90,onxG,onxGA,xG+/-,xG+/-90
Arsenal,19,6,540,90,100,66,85,18,17,23,1.50,8,7,+1,+0.17,6.5,7.9,-1.3,-0.22
Aston Villa,17,5,450,90,100,55,88,9,13,26,2.40,12,5,+7,+1.40,8.4,7.2,+1.2,+0.24
Brighton,17,6,540,90,100,66,85,17,19,25,0.83,10,12,-2,-0.33,8.5,5.9,+2.6,+0.43
Burnley,18,5,450,90,100,55,87,8,19,27,0.20,3,9,-6,-1.20,4.6,5.6,-1.0,-0.19
Chelsea,24,6,540,90,100,66,85,17,18,25,1.50,13,9,+4,+0.67,9.1,8.0,+1.1,+0.18
Crystal Palace,20,7,630,90,100,77,87,18,13,31,1.43,8,11,-3,-0.43,6.1,8.7,-2.6,-0.43
Everton,20,6,540,90,100,66,83,18,23,24,2.17,14,9,+5,+0.83,10.3,5.9,+4.4,+0.73
Fulham,23,6,540,90,100,66,84,16,24,26,0.17,5,14,-9,-1.50,6.4,10.3,-3.9,-0.65
Leeds United,19,6,540,90,100,66,83,17,25,25,1.67,12,9,+3,+0.50,10.4,9.9,+0.5,+0.08
Leicester City,22,6,540,90,100,66,86,17,17,25,2.00,13,8,+5,+0.83,8.3,6.5,+1.8,+0.30
Liverpool,19,6,540,90,100,66,84,17,22,25,2.17,15,14,+1,+0.17,15.3,9.5,+5.9,+0.98
Manchester City,22,5,450,90,100,55,86,11,22,24,1.60,8,8,0,0.00,6.9,6.6,+0.2,+0.05
Manchester Utd,20,5,450,90,100,55,83,15,23,20,1.40,9,12,-3,-0.60,6.5,8.5,-2.0,-0.39
Newcastle Utd,19,6,540,90,100,66,85,18,19,24,1.33,8,10,-2,-0.33,5.7,9.0,-3.3,-0.55
Sheffield Utd,19,6,540,90,100,66,82,16,28,26,0.17,3,9,-6,-1.00,6.1,8.4,-2.3,-0.38
Southampton,20,6,540,90,100,66,86,15,16,27,1.67,10,9,+1,+0.17,7.1,6.2,+0.9,+0.15
Tottenham,21,6,540,90,100,66,84,18,24,24,1.83,16,8,+8,+1.33,11.4,7.5,+3.9,+0.65
West Brom,22,6,540,90,100,66,84,18,21,24,0.50,6,14,-8,-1.33,3.4,10.8,-7.3,-1.22
West Ham,20,6,540,90,100,66,87,16,13,26,1.33,12,8,+4,+0.67,8.9,6.1,+2.8,+0.46
Wolves,20,7,630,90,100,77,85,21,18,28,1.86,8,8,0,0.00,5.1,6.7,-1.5,-0.26
,,,Performance,Performance,Performance,Performance,Performance,Performance,Performance,Performance,Performance,Performance,Performance,Performance,Performance,Aerial Duels,Aerial Duels,Aerial Duels
Squad,# Pl,CrdY,CrdR,2CrdY,Fls,Fld,Off,Crs,Int,TklW,PKwon,PKcon,OG,Recov,Won,Lost,Won%
Arsenal,19,8,0,0,57,67,16,67,31,55,0,0,0,471,67,74,47.5
Aston Villa,17,13,0,0,67,76,9,70,26,46,0,1,0,471,101,94,51.8
Brighton,17,10,2,0,81,74,10,73,25,76,2,3,1,563,72,88,45.0
Burnley,18,10,0,0,64,58,12,63,19,46,0,1,1,572,166,122,57.6
Chelsea,24,7,1,0,76,48,8,58,51,57,4,0,0,565,88,49,64.2
Crystal Palace,20,12,1,0,81,89,12,69,62,72,1,3,0,531,99,103,49.0
Everton,20,7,2,0,71,70,6,70,25,70,0,0,0,544,95,68,58.3
Fulham,23,13,1,0,75,67,3,113,47,63,1,2,0,522,72,76,48.6
Leeds United,19,8,0,0,65,78,12,93,31,91,1,3,0,601,83,110,43.0
Leicester City,22,16,0,0,66,75,12,61,38,61,5,0,0,540,88,113,43.8
Liverpool,19,6,0,0,54,57,9,80,32,66,1,2,0,658,70,115,37.8
Manchester City,22,9,0,0,54,49,8,56,21,55,1,3,0,454,77,61,55.8
Manchester Utd,20,10,1,0,64,51,10,54,33,55,2,3,1,470,57,61,48.3
Newcastle Utd,19,13,0,0,64,79,11,65,29,58,1,2,0,516,113,132,46.1
Sheffield Utd,19,9,1,0,73,41,14,77,21,58,3,1,0,559,153,132,53.7
Southampton,20,9,0,0,76,69,7,53,34,73,0,0,0,679,101,125,44.7
Tottenham,21,6,0,0,78,63,9,54,21,47,1,3,1,538,127,103,55.2
West Brom,22,5,1,0,63,79,10,58,33,62,0,2,1,559,92,112,45.1
West Ham,20,12,0,0,68,59,13,81,25,60,0,0,0,576,107,104,50.7
Wolves,20,4,0,0,76,60,7,85,54,81,0,1,1,483,104,90,53.6
